subreddit,total_posts,positive_posts,negative_posts,positive_rate,negative_rate
jobs,709859,299122,410737,0.4213822745080361,0.5786177254919639
cscareerquestions,464543,262387,202156,0.5648282290336955,0.4351717709663045
csmajors,188342,111256,77086,0.590712639772329,0.4092873602276709
recruitinghell,173069,68450,104619,0.39550699432018444,0.6044930056798156
