time_period,total_posts,positive_posts,negative_posts,positive_rate,negative_rate,posts_with_any_topic,share_posts_with_any_topic
pre-COVID,337918,175819,162099,0.5203007830302026,0.4796992169697974,165426,0.4895448008096639
COVID,332373,162850,169523,0.48996157930999207,0.5100384206900079,159428,0.47966591750834153
post-COVID,865522,402546,462976,0.4650904309769133,0.5349095690230866,482390,0.5573399636288853
